FullName, Sex, Country, Contact
Linda,F,Serbia,475894
Per,M,Bornholm,894593
Kurt,M,Lebanon,284950
Katrina,K,Denmark,938474
Ronaldinho,M,Brazil,875932
Park,M,Korea,347589
Marko,M,Serbia,559966
Leonora,K,Portugal,449933
Kenny,M,Tyskland,349855
Nikolaj,M,Danmark,567894
Aleks,M,Danmark,946094
Pelle,M,Danmark,112233
Karin,K,Danmark,445566
Kurt,M,Danmark,334455
Markus,M,Danmark,445566
Lykke,K,Danmark,445566
Leo,M,Danmark,445566
Lulu,K,Portugal,556677
Aleks,M,Danmark,445566
Loki,M,Spania,445566
thor,M,Danmark,334455
Thor Loki,M,Danmark,333445
Mads Pedersen,M,Danmark,334455
Mads,M,Danmark,445566
Mads,M,Danmark,445566
Mads Pedersen,M,Danmark,445566
Simon Cowell,M,England,334455
Lucky Luke,M,Danmark,445566
Rocky Balboa,M,USA,334455
